{
    "accuracy": 0.8493333333333334,
    "f1_macro": 0.43588595889741416,
    "f1_weighted": 0.9006959566459588,
    "classification_report": {
        "\u65e0\u6545\u969c": {
            "precision": 0.997563946406821,
            "recall": 0.8484116022099447,
            "f1-score": 0.9169621197984699,
            "support": 2896.0
        },
        "HDF": {
            "precision": 0.3563218390804598,
            "recall": 0.96875,
            "f1-score": 0.5210084033613446,
            "support": 32.0
        },
        "PWF": {
            "precision": 0.26595744680851063,
            "recall": 1.0,
            "f1-score": 0.42016806722689076,
            "support": 25.0
        },
        "OSF": {
            "precision": 0.49056603773584906,
            "recall": 0.9285714285714286,
            "f1-score": 0.6419753086419753,
            "support": 28.0
        },
        "TWF": {
            "precision": 0.056338028169014086,
            "recall": 0.6153846153846154,
            "f1-score": 0.1032258064516129,
            "support": 13.0
        },
        "RNF": {
            "precision": 0.006211180124223602,
            "recall": 0.16666666666666666,
            "f1-score": 0.011976047904191617,
            "support": 6.0
        },
        "accuracy": 0.8493333333333334,
        "macro avg": {
            "precision": 0.36215974638747966,
            "recall": 0.7546307188054425,
            "f1-score": 0.43588595889741416,
            "support": 3000.0
        },
        "weighted avg": {
            "precision": 0.9738339781061627,
            "recall": 0.8493333333333334,
            "f1-score": 0.9006959566459588,
            "support": 3000.0
        }
    },
    "confusion_matrix": [
        [
            2457,
            56,
            68,
            24,
            131,
            160
        ],
        [
            0,
            31,
            0,
            1,
            0,
            0
        ],
        [
            0,
            0,
            25,
            0,
            0,
            0
        ],
        [
            0,
            0,
            0,
            26,
            2,
            0
        ],
        [
            2,
            0,
            1,
            2,
            8,
            0
        ],
        [
            4,
            0,
            0,
            0,
            1,
            1
        ]
    ],
    "binary_metrics": {
        "accuracy": 0.8516666666666667,
        "f1": 0.30577223088923555,
        "precision": 0.1824953445065177,
        "recall": 0.9423076923076923
    },
    "optimal_threshold": 0.999992847442627,
    "optimal_binary_metrics": {
        "precision": 0.6630434782608695,
        "recall": 0.5865384615384616,
        "f1": 0.6224489795918368,
        "classification_report": {
            "\u65e0\u6545\u969c": {
                "precision": 0.9852132049518569,
                "recall": 0.9892955801104972,
                "f1-score": 0.987250172294969,
                "support": 2896.0
            },
            "\u6709\u6545\u969c": {
                "precision": 0.6630434782608695,
                "recall": 0.5865384615384616,
                "f1-score": 0.6224489795918368,
                "support": 104.0
            },
            "accuracy": 0.9753333333333334,
            "macro avg": {
                "precision": 0.8241283416063632,
                "recall": 0.7879170208244795,
                "f1-score": 0.8048495759434029,
                "support": 3000.0
            },
            "weighted avg": {
                "precision": 0.9740446544265694,
                "recall": 0.9753333333333334,
                "f1-score": 0.9746037309479271,
                "support": 3000.0
            }
        },
        "confusion_matrix": [
            [
                2865,
                31
            ],
            [
                43,
                61
            ]
        ]
    }
}