{
    "accuracy": 0.9013333333333333,
    "f1_macro": 0.49256702292750393,
    "f1_weighted": 0.9330372460951216,
    "classification_report": {
        "\u65e0\u6545\u969c": {
            "precision": 0.9969488939740656,
            "recall": 0.9026243093922652,
            "f1-score": 0.9474447263501269,
            "support": 2896.0
        },
        "HDF": {
            "precision": 0.5636363636363636,
            "recall": 0.96875,
            "f1-score": 0.7126436781609196,
            "support": 32.0
        },
        "PWF": {
            "precision": 0.3157894736842105,
            "recall": 0.96,
            "f1-score": 0.4752475247524752,
            "support": 25.0
        },
        "OSF": {
            "precision": 0.5306122448979592,
            "recall": 0.9285714285714286,
            "f1-score": 0.6753246753246753,
            "support": 28.0
        },
        "TWF": {
            "precision": 0.06722689075630252,
            "recall": 0.6153846153846154,
            "f1-score": 0.12121212121212122,
            "support": 13.0
        },
        "RNF": {
            "precision": 0.012658227848101266,
            "recall": 0.16666666666666666,
            "f1-score": 0.023529411764705882,
            "support": 6.0
        },
        "accuracy": 0.9013333333333333,
        "macro avg": {
            "precision": 0.4144786824661672,
            "recall": 0.7569995033358293,
            "f1-score": 0.49256702292750393,
            "support": 3000.0
        },
        "weighted avg": {
            "precision": 0.976300713077142,
            "recall": 0.9013333333333333,
            "f1-score": 0.9330372460951216,
            "support": 3000.0
        }
    },
    "confusion_matrix": [
        [
            2614,
            24,
            52,
            19,
            109,
            78
        ],
        [
            1,
            31,
            0,
            0,
            0,
            0
        ],
        [
            0,
            0,
            24,
            1,
            0,
            0
        ],
        [
            1,
            0,
            0,
            26,
            1,
            0
        ],
        [
            2,
            0,
            0,
            3,
            8,
            0
        ],
        [
            4,
            0,
            0,
            0,
            1,
            1
        ]
    ],
    "binary_metrics": {
        "accuracy": 0.9033333333333333,
        "f1": 0.3983402489626556,
        "precision": 0.25396825396825395,
        "recall": 0.9230769230769231
    },
    "optimal_threshold": 0.9999949932098389,
    "optimal_binary_metrics": {
        "precision": 0.8289473684210527,
        "recall": 0.6057692307692307,
        "f1": 0.7,
        "classification_report": {
            "\u65e0\u6545\u969c": {
                "precision": 0.9859781121751026,
                "recall": 0.9955110497237569,
                "f1-score": 0.9907216494845361,
                "support": 2896.0
            },
            "\u6709\u6545\u969c": {
                "precision": 0.8289473684210527,
                "recall": 0.6057692307692307,
                "f1-score": 0.7,
                "support": 104.0
            },
            "accuracy": 0.982,
            "macro avg": {
                "precision": 0.9074627402980776,
                "recall": 0.8006401402464938,
                "f1-score": 0.845360824742268,
                "support": 3000.0
            },
            "weighted avg": {
                "precision": 0.9805343797249622,
                "recall": 0.982,
                "f1-score": 0.9806432989690723,
                "support": 3000.0
            }
        },
        "confusion_matrix": [
            [
                2883,
                13
            ],
            [
                41,
                63
            ]
        ]
    }
}