{
    "accuracy": 0.7926666666666666,
    "f1_macro": 0.4110639465438366,
    "f1_weighted": 0.866041009198835,
    "classification_report": "              precision    recall  f1-score   support\n\n         无故障       1.00      0.79      0.88      2896\n         HDF       0.30      0.94      0.46        32\n         PWF       0.34      0.96      0.51        25\n         OSF       0.37      0.89      0.52        28\n         TWF       0.05      0.69      0.09        13\n         RNF       0.00      0.17      0.01         6\n\n    accuracy                           0.79      3000\n   macro avg       0.34      0.74      0.41      3000\nweighted avg       0.97      0.79      0.87      3000\n",
    "confusion_matrix": [
        [
            2289,
            69,
            43,
            38,
            169,
            288
        ],
        [
            0,
            30,
            0,
            2,
            0,
            0
        ],
        [
            0,
            0,
            24,
            1,
            0,
            0
        ],
        [
            0,
            0,
            2,
            25,
            1,
            0
        ],
        [
            1,
            0,
            0,
            2,
            9,
            1
        ],
        [
            3,
            0,
            1,
            0,
            1,
            1
        ]
    ],
    "binary_metrics": {
        "accuracy": 0.953,
        "f1": 0.5436893203883495,
        "precision": 0.4097560975609756,
        "recall": 0.8076923076923077
    }
}