{
    "accuracy": 0.022333333333333334,
    "f1_macro": 0.12497517672065435,
    "f1_weighted": 0.00677129437754636,
    "classification_report": {
        "无故障": {
            "precision": 0.0,
            "recall": 0.0,
            "f1-score": 0.0,
            "support": 2896.0
        },
        "HDF": {
            "precision": 0.08284023668639054,
            "recall": 0.875,
            "f1-score": 0.15135135135135136,
            "support": 32.0
        },
        "PWF": {
            "precision": 0.11764705882352941,
            "recall": 0.64,
            "f1-score": 0.19875776397515527,
            "support": 25.0
        },
        "OSF": {
            "precision": 0.47058823529411764,
            "recall": 0.2857142857142857,
            "f1-score": 0.35555555555555557,
            "support": 28.0
        },
        "TWF": {
            "precision": 0.020560747663551402,
            "recall": 0.8461538461538461,
            "f1-score": 0.040145985401459854,
            "support": 13.0
        },
        "RNF": {
            "precision": 0.002026342451874367,
            "recall": 0.6666666666666666,
            "f1-score": 0.00404040404040404,
            "support": 6.0
        },
        "accuracy": 0.022333333333333334,
        "macro avg": {
            "precision": 0.11561043681991057,
            "recall": 0.5522557997557997,
            "f1-score": 0.12497517672065435,
            "support": 3000.0
        },
        "weighted avg": {
            "precision": 0.006349327469041812,
            "recall": 0.022333333333333334,
            "f1-score": 0.00677129437754636,
            "support": 3000.0
        }
    },
    "confusion_matrix": [
        [
            0,
            307,
            119,
            8,
            509,
            1953
        ],
        [
            0,
            28,
            0,
            0,
            3,
            1
        ],
        [
            0,
            3,
            16,
            0,
            0,
            6
        ],
        [
            0,
            0,
            0,
            8,
            11,
            9
        ],
        [
            0,
            0,
            0,
            1,
            11,
            1
        ],
        [
            0,
            0,
            1,
            0,
            1,
            4
        ]
    ],
    "binary_metrics": {
        "accuracy": 0.034666666666666665,
        "f1": 0.06701030927835051,
        "precision": 0.034666666666666665,
        "recall": 1.0
    },
    "twf_metrics": {
        "accuracy": 0.9956666666666667,
        "f1": 0.0,
        "precision": 0.0,
        "recall": 0.0
    },
    "rnf_metrics": {
        "accuracy": 0.998,
        "f1": 0.0,
        "precision": 0.0,
        "recall": 0.0
    }
}