{
    "accuracy": 0.4845,
    "f1": 0.623512599817113,
    "precision": 0.9686636365292962,
    "recall": 0.4845
}