{
    "train_losses": [
        0.5138495469781896,
        0.3934889919248944,
        0.34653853793167894,
        0.31371079258862816,
        0.31290062480616226,
        0.30205732632751175,
        0.29129985111365464,
        0.28251337111399705,
        0.2968678035931359,
        0.2907214288596427,
        0.26053195897261155,
        0.28151678556865517,
        0.29300511056819545,
        0.25237914406112816,
        0.2727499363089942,
        0.2840972237141016,
        0.26897701151695924,
        0.25514973553455694,
        0.2880866171032298,
        0.24400656792042702,
        0.22043600201015007,
        0.2302009199513963,
        0.25735418074209554,
        0.23484908355003228,
        0.24423854356288693,
        0.22576892905152446,
        0.2887117755246292,
        0.21900622765886654,
        0.2200100732436034,
        0.22823196571548923,
        0.2413200437013961,
        0.24664765065166064,
        0.2421967692955629,
        0.21289941343051863,
        0.27264051382103766,
        0.24273789823996678,
        0.20942352355427582,
        0.21553679801093328,
        0.24634738583857402,
        0.20565482674818822,
        0.24882106955032057,
        0.23952894803768676,
        0.22409305442460822,
        0.23761741422950575,
        0.22118764914007394,
        0.19784724885860075,
        0.23853481584480737,
        0.24491499958136237,
        0.22029290915826596,
        0.24427119521457796,
        0.24959296439959255,
        0.2268527265006024,
        0.20956206484445597,
        0.21097699143933907,
        0.19454573819729826,
        0.20384086377326976,
        0.2197295505862804,
        0.21346149529037922,
        0.19901853075607373,
        0.21601109906008958,
        0.2120048148887037,
        0.22589745965621533,
        0.20956597212930664,
        0.19741472187670558,
        0.18008641484412044,
        0.19998549429921683,
        0.23461466797018954,
        0.2186169395969663,
        0.21685151883572448,
        0.18522799828019168,
        0.1903425724269143,
        0.2376646327009485,
        0.20268060526531526,
        0.22887875749611897,
        0.2220493300552295,
        0.21744411733902533,
        0.20926658000245638,
        0.2365495583667867,
        0.20799010786957475,
        0.19665853792821672
    ],
    "val_losses": [
        0.1200302466750145,
        0.12956227362155914,
        0.10078608244657516,
        0.09987469017505646,
        0.12046828866004944,
        0.09242288768291473,
        0.09947507828474045,
        0.09107039868831635,
        0.07813658565282822,
        0.08826857805252075,
        0.1130339577794075,
        0.08053290098905563,
        0.07895267754793167,
        0.08899017423391342,
        0.0690145194530487,
        0.08879116922616959,
        0.08303895592689514,
        0.05959145352244377,
        0.10344567894935608,
        0.06853711605072021,
        0.06000692397356033,
        0.0901184156537056,
        0.07256351411342621,
        0.06897945702075958,
        0.07803848385810852,
        0.0809137225151062,
        0.05562473461031914,
        0.060321711003780365,
        0.05295245349407196,
        0.04443087801337242,
        0.07120627909898758,
        0.06038762629032135,
        0.05755429342389107,
        0.06390447914600372,
        0.09329943358898163,
        0.09388069808483124,
        0.06858132779598236,
        0.07386673986911774,
        0.10370051860809326,
        0.06111998111009598,
        0.05315428599715233,
        0.07119519263505936,
        0.0494597926735878,
        0.06551016867160797,
        0.05984809994697571,
        0.05320027470588684,
        0.048704296350479126,
        0.051436834037303925,
        0.05787874758243561,
        0.0621681809425354,
        0.06459040939807892,
        0.06492854654788971,
        0.06384366750717163,
        0.050293631851673126,
        0.0573636069893837,
        0.05852159857749939,
        0.04979882016777992,
        0.060263291001319885,
        0.05124083161354065,
        0.05116896331310272,
        0.05085085332393646,
        0.04918297752737999,
        0.05137959122657776,
        0.04766397178173065,
        0.05466543510556221,
        0.04726168513298035,
        0.05401994660496712,
        0.04925243556499481,
        0.04870160296559334,
        0.052889928221702576,
        0.05302811414003372,
        0.055673301219940186,
        0.05587132275104523,
        0.0607106052339077,
        0.05784616619348526,
        0.05294428765773773,
        0.056711118668317795,
        0.05464982986450195,
        0.05414193123579025,
        0.05085906386375427
    ]
}