{
    "accuracy": 0.9583333333333334,
    "f1_macro": 0.6766366422412202,
    "f1_weighted": 0.9667424965510892,
    "classification_report": "              precision    recall  f1-score   support\n\n         无故障       1.00      0.96      0.98      2914\n         HDF       0.44      1.00      0.61        32\n         PWF       0.32      0.96      0.48        25\n         OSF       0.48      0.97      0.64        29\n\n    accuracy                           0.96      3000\n   macro avg       0.56      0.97      0.68      3000\nweighted avg       0.98      0.96      0.97      3000\n",
    "confusion_matrix": [
        [
            2791,
            41,
            52,
            30
        ],
        [
            0,
            32,
            0,
            0
        ],
        [
            1,
            0,
            24,
            0
        ],
        [
            1,
            0,
            0,
            28
        ]
    ],
    "binary_metrics": {
        "accuracy": 0.989,
        "f1": 0.8272251308900523,
        "precision": 0.7523809523809524,
        "recall": 0.9186046511627907
    }
}