{
    "accuracy": 0.979,
    "f1_macro": 0.5531405931405932,
    "f1_weighted": 0.9771599158399158,
    "classification_report": {
        "\u65e0\u6545\u969c": {
            "precision": 0.9923584577978465,
            "recall": 0.9865331491712708,
            "f1-score": 0.9894372294372294,
            "support": 2896.0
        },
        "HDF": {
            "precision": 0.6739130434782609,
            "recall": 0.96875,
            "f1-score": 0.7948717948717948,
            "support": 32.0
        },
        "PWF": {
            "precision": 0.7241379310344828,
            "recall": 0.84,
            "f1-score": 0.7777777777777778,
            "support": 25.0
        },
        "OSF": {
            "precision": 0.6086956521739131,
            "recall": 1.0,
            "f1-score": 0.7567567567567568,
            "support": 28.0
        },
        "TWF": {
            "precision": 0.0,
            "recall": 0.0,
            "f1-score": 0.0,
            "support": 13.0
        },
        "RNF": {
            "precision": 0.0,
            "recall": 0.0,
            "f1-score": 0.0,
            "support": 6.0
        },
        "accuracy": 0.979,
        "macro avg": {
            "precision": 0.49985084741408387,
            "recall": 0.6325471915285451,
            "f1-score": 0.5531405931405932,
            "support": 3000.0
        },
        "weighted avg": {
            "precision": 0.9768607459035331,
            "recall": 0.979,
            "f1-score": 0.9771599158399158,
            "support": 3000.0
        }
    },
    "confusion_matrix": [
        [
            2857,
            15,
            8,
            16,
            0,
            0
        ],
        [
            1,
            31,
            0,
            0,
            0,
            0
        ],
        [
            4,
            0,
            21,
            0,
            0,
            0
        ],
        [
            0,
            0,
            0,
            28,
            0,
            0
        ],
        [
            11,
            0,
            0,
            2,
            0,
            0
        ],
        [
            6,
            0,
            0,
            0,
            0,
            0
        ]
    ],
    "binary_metrics": {
        "accuracy": 0.9796666666666667,
        "f1": 0.7288888888888889,
        "precision": 0.6776859504132231,
        "recall": 0.7884615384615384
    },
    "optimal_threshold": 0.7594679594039917,
    "optimal_binary_metrics": {
        "precision": 0.8426966292134831,
        "recall": 0.7211538461538461,
        "f1": 0.7772020725388601,
        "classification_report": {
            "\u65e0\u6545\u969c": {
                "precision": 0.9900377877018207,
                "recall": 0.9951657458563536,
                "f1-score": 0.9925951437919752,
                "support": 2896.0
            },
            "\u6709\u6545\u969c": {
                "precision": 0.8426966292134831,
                "recall": 0.7211538461538461,
                "f1-score": 0.7772020725388601,
                "support": 104.0
            },
            "accuracy": 0.9856666666666667,
            "macro avg": {
                "precision": 0.916367208457652,
                "recall": 0.8581597960051,
                "f1-score": 0.8848986081654177,
                "support": 3000.0
            },
            "weighted avg": {
                "precision": 0.984929960874225,
                "recall": 0.9856666666666667,
                "f1-score": 0.9851281839885339,
                "support": 3000.0
            }
        },
        "confusion_matrix": [
            [
                2882,
                14
            ],
            [
                29,
                75
            ]
        ]
    }
}