{
    "accuracy": 0.9903333333333333,
    "f1_macro": 0.8513245893246281,
    "f1_weighted": 0.9900796787085175,
    "classification_report": {
        "\u65e0\u6545\u969c": {
            "precision": 0.9948577305450805,
            "recall": 0.9958819492107069,
            "f1-score": 0.9953695764019894,
            "support": 2914.0
        },
        "HDF": {
            "precision": 0.8709677419354839,
            "recall": 0.84375,
            "f1-score": 0.8571428571428571,
            "support": 32.0
        },
        "PWF": {
            "precision": 0.7894736842105263,
            "recall": 0.6,
            "f1-score": 0.6818181818181818,
            "support": 25.0
        },
        "OSF": {
            "precision": 0.8181818181818182,
            "recall": 0.9310344827586207,
            "f1-score": 0.8709677419354839,
            "support": 29.0
        },
        "accuracy": 0.9903333333333333,
        "macro avg": {
            "precision": 0.8683702437182272,
            "recall": 0.8426666079923318,
            "f1-score": 0.8513245893246281,
            "support": 3000.0
        },
        "weighted avg": {
            "precision": 0.9901168364609454,
            "recall": 0.9903333333333333,
            "f1-score": 0.9900796787085175,
            "support": 3000.0
        }
    },
    "confusion_matrix": [
        [
            2902,
            3,
            4,
            5
        ],
        [
            5,
            27,
            0,
            0
        ],
        [
            9,
            0,
            15,
            1
        ],
        [
            1,
            1,
            0,
            27
        ]
    ],
    "binary_metrics": {
        "accuracy": 0.991,
        "f1": 0.8402366863905325,
        "precision": 0.8554216867469879,
        "recall": 0.8255813953488372
    },
    "optimal_threshold": 0.24202977120876312,
    "optimal_binary_metrics": {
        "precision": 0.8163265306122449,
        "recall": 0.9302325581395349,
        "f1": 0.8695652173913043,
        "classification_report": {
            "\u65e0\u6545\u969c": {
                "precision": 0.9979324603721571,
                "recall": 0.9938229238160604,
                "f1-score": 0.9958734525447043,
                "support": 2914.0
            },
            "\u6709\u6545\u969c": {
                "precision": 0.8163265306122449,
                "recall": 0.9302325581395349,
                "f1-score": 0.8695652173913043,
                "support": 86.0
            },
            "accuracy": 0.992,
            "macro avg": {
                "precision": 0.907129495492201,
                "recall": 0.9620277409777976,
                "f1-score": 0.9327193349680043,
                "support": 3000.0
            },
            "weighted avg": {
                "precision": 0.9927264237190396,
                "recall": 0.992,
                "f1-score": 0.9922526164703067,
                "support": 3000.0
            }
        },
        "confusion_matrix": [
            [
                2896,
                18
            ],
            [
                6,
                80
            ]
        ]
    }
}