{
    "accuracy": 0.9845,
    "f1": 0.9843062716121137,
    "precision": 0.9849842643859996,
    "recall": 0.9845
}