{
    "accuracy": 0.9786666666666667,
    "precision": 0.9867524220542349,
    "recall": 0.9786666666666667,
    "f1": 0.981251999984555,
    "classification_report": {
        "0": {
            "precision": 0.9989499474973749,
            "recall": 0.9794097460535347,
            "f1-score": 0.9890833477733495,
            "support": 2914.0
        },
        "1": {
            "precision": 0.5961538461538461,
            "recall": 0.96875,
            "f1-score": 0.7380952380952381,
            "support": 32.0
        },
        "2": {
            "precision": 0.55,
            "recall": 0.88,
            "f1-score": 0.676923076923077,
            "support": 25.0
        },
        "3": {
            "precision": 0.5686274509803921,
            "recall": 1.0,
            "f1-score": 0.725,
            "support": 29.0
        },
        "accuracy": 0.9786666666666667,
        "macro avg": {
            "precision": 0.6784328111579032,
            "recall": 0.9570399365133837,
            "f1-score": 0.7822754156979163,
            "support": 3000.0
        },
        "weighted avg": {
            "precision": 0.9867524220542349,
            "recall": 0.9786666666666667,
            "f1-score": 0.981251999984555,
            "support": 3000.0
        }
    }
}