{
    "accuracy": 0.9836666666666667,
    "f1_macro": 0.5730186645425931,
    "f1_weighted": 0.9808779872140896,
    "classification_report": {
        "\u65e0\u6545\u969c": {
            "precision": 0.9910406616126809,
            "recall": 0.9930939226519337,
            "f1-score": 0.9920662297343912,
            "support": 2896.0
        },
        "HDF": {
            "precision": 0.7894736842105263,
            "recall": 0.9375,
            "f1-score": 0.8571428571428571,
            "support": 32.0
        },
        "PWF": {
            "precision": 0.7407407407407407,
            "recall": 0.8,
            "f1-score": 0.7692307692307693,
            "support": 25.0
        },
        "OSF": {
            "precision": 0.7575757575757576,
            "recall": 0.8928571428571429,
            "f1-score": 0.819672131147541,
            "support": 28.0
        },
        "TWF": {
            "precision": 0.0,
            "recall": 0.0,
            "f1-score": 0.0,
            "support": 13.0
        },
        "RNF": {
            "precision": 0.0,
            "recall": 0.0,
            "f1-score": 0.0,
            "support": 6.0
        },
        "accuracy": 0.9836666666666667,
        "macro avg": {
            "precision": 0.5464718073566176,
            "recall": 0.6039085109181794,
            "f1-score": 0.5730186645425931,
            "support": 3000.0
        },
        "weighted avg": {
            "precision": 0.9783491845519,
            "recall": 0.9836666666666667,
            "f1-score": 0.9808779872140896,
            "support": 3000.0
        }
    },
    "confusion_matrix": [
        [
            2876,
            8,
            6,
            6,
            0,
            0
        ],
        [
            2,
            30,
            0,
            0,
            0,
            0
        ],
        [
            5,
            0,
            20,
            0,
            0,
            0
        ],
        [
            2,
            0,
            1,
            25,
            0,
            0
        ],
        [
            11,
            0,
            0,
            2,
            0,
            0
        ],
        [
            6,
            0,
            0,
            0,
            0,
            0
        ]
    ],
    "binary_metrics": {
        "accuracy": 0.9846666666666667,
        "f1": 0.7722772277227723,
        "precision": 0.7959183673469388,
        "recall": 0.75
    },
    "optimal_threshold": 0.6014428734779358,
    "optimal_binary_metrics": {
        "precision": 0.8478260869565217,
        "recall": 0.75,
        "f1": 0.7959183673469388,
        "classification_report": {
            "\u65e0\u6545\u969c": {
                "precision": 0.9910591471801926,
                "recall": 0.9951657458563536,
                "f1-score": 0.9931082012405238,
                "support": 2896.0
            },
            "\u6709\u6545\u969c": {
                "precision": 0.8478260869565217,
                "recall": 0.75,
                "f1-score": 0.7959183673469388,
                "support": 104.0
            },
            "accuracy": 0.9866666666666667,
            "macro avg": {
                "precision": 0.9194426170683572,
                "recall": 0.8725828729281768,
                "f1-score": 0.8945132842937313,
                "support": 3000.0
            },
            "weighted avg": {
                "precision": 0.9860937344257721,
                "recall": 0.9866666666666667,
                "f1-score": 0.9862722869988795,
                "support": 3000.0
            }
        },
        "confusion_matrix": [
            [
                2882,
                14
            ],
            [
                26,
                78
            ]
        ]
    }
}