{
    "accuracy": 0.9913333333333333,
    "f1_macro": 0.8832697356662311,
    "f1_weighted": 0.9914714203826039,
    "classification_report": {
        "\u65e0\u6545\u969c": {
            "precision": 0.9969040247678018,
            "recall": 0.9945092656142759,
            "f1-score": 0.9957052052911871,
            "support": 2914.0
        },
        "HDF": {
            "precision": 0.8235294117647058,
            "recall": 0.875,
            "f1-score": 0.8484848484848485,
            "support": 32.0
        },
        "PWF": {
            "precision": 0.8,
            "recall": 0.8,
            "f1-score": 0.8,
            "support": 25.0
        },
        "OSF": {
            "precision": 0.8235294117647058,
            "recall": 0.9655172413793104,
            "f1-score": 0.8888888888888888,
            "support": 29.0
        },
        "accuracy": 0.9913333333333333,
        "macro avg": {
            "precision": 0.8609907120743034,
            "recall": 0.9087566267483966,
            "f1-score": 0.8832697356662311,
            "support": 3000.0
        },
        "weighted avg": {
            "precision": 0.9917378740970072,
            "recall": 0.9913333333333333,
            "f1-score": 0.9914714203826039,
            "support": 3000.0
        }
    },
    "confusion_matrix": [
        [
            2898,
            6,
            5,
            5
        ],
        [
            4,
            28,
            0,
            0
        ],
        [
            4,
            0,
            20,
            1
        ],
        [
            1,
            0,
            0,
            28
        ]
    ],
    "binary_metrics": {
        "accuracy": 0.9916666666666667,
        "f1": 0.8603351955307262,
        "precision": 0.8279569892473119,
        "recall": 0.8953488372093024
    },
    "optimal_threshold": 0.6323690414428711,
    "optimal_binary_metrics": {
        "precision": 0.8539325842696629,
        "recall": 0.8837209302325582,
        "f1": 0.8685714285714285,
        "classification_report": {
            "\u65e0\u6545\u969c": {
                "precision": 0.9965647543799382,
                "recall": 0.9955387783115992,
                "f1-score": 0.9960515021459228,
                "support": 2914.0
            },
            "\u6709\u6545\u969c": {
                "precision": 0.8539325842696629,
                "recall": 0.8837209302325582,
                "f1-score": 0.8685714285714285,
                "support": 86.0
            },
            "accuracy": 0.9923333333333333,
            "macro avg": {
                "precision": 0.9252486693248005,
                "recall": 0.9396298542720787,
                "f1-score": 0.9323114653586757,
                "support": 3000.0
            },
            "weighted avg": {
                "precision": 0.9924759655034436,
                "recall": 0.9923333333333333,
                "f1-score": 0.9923970733701206,
                "support": 3000.0
            }
        },
        "confusion_matrix": [
            [
                2901,
                13
            ],
            [
                10,
                76
            ]
        ]
    }
}