{
    "accuracy": 0.9896666666666667,
    "f1_macro": 0.8417884662744155,
    "f1_weighted": 0.9892319622347036,
    "classification_report": {
        "\u65e0\u6545\u969c": {
            "precision": 0.9934976043805612,
            "recall": 0.9962251201098147,
            "f1-score": 0.9948594928032899,
            "support": 2914.0
        },
        "HDF": {
            "precision": 0.8235294117647058,
            "recall": 0.875,
            "f1-score": 0.8484848484848485,
            "support": 32.0
        },
        "PWF": {
            "precision": 0.8235294117647058,
            "recall": 0.56,
            "f1-score": 0.6666666666666666,
            "support": 25.0
        },
        "OSF": {
            "precision": 0.8888888888888888,
            "recall": 0.8275862068965517,
            "f1-score": 0.8571428571428571,
            "support": 29.0
        },
        "accuracy": 0.9896666666666667,
        "macro avg": {
            "precision": 0.8823613291997154,
            "recall": 0.8147028317515916,
            "f1-score": 0.8417884662744155,
            "support": 3000.0
        },
        "weighted avg": {
            "precision": 0.9892569911377738,
            "recall": 0.9896666666666667,
            "f1-score": 0.9892319622347036,
            "support": 3000.0
        }
    },
    "confusion_matrix": [
        [
            2903,
            6,
            3,
            2
        ],
        [
            4,
            28,
            0,
            0
        ],
        [
            10,
            0,
            14,
            1
        ],
        [
            5,
            0,
            0,
            24
        ]
    ],
    "binary_metrics": {
        "accuracy": 0.99,
        "f1": 0.8170731707317073,
        "precision": 0.8589743589743589,
        "recall": 0.7790697674418605
    },
    "optimal_threshold": 0.4309348464012146,
    "optimal_binary_metrics": {
        "precision": 0.8674698795180723,
        "recall": 0.8372093023255814,
        "f1": 0.8520710059171598,
        "classification_report": {
            "\u65e0\u6545\u969c": {
                "precision": 0.9952005485087418,
                "recall": 0.9962251201098147,
                "f1-score": 0.9957125707425828,
                "support": 2914.0
            },
            "\u6709\u6545\u969c": {
                "precision": 0.8674698795180723,
                "recall": 0.8372093023255814,
                "f1-score": 0.8520710059171598,
                "support": 86.0
            },
            "accuracy": 0.9916666666666667,
            "macro avg": {
                "precision": 0.931335214013407,
                "recall": 0.916717211217698,
                "f1-score": 0.9238917883298713,
                "support": 3000.0
            },
            "weighted avg": {
                "precision": 0.9915389359976758,
                "recall": 0.9916666666666667,
                "f1-score": 0.9915948458842541,
                "support": 3000.0
            }
        },
        "confusion_matrix": [
            [
                2903,
                11
            ],
            [
                14,
                72
            ]
        ]
    }
}