{
    "accuracy": 0.042333333333333334,
    "f1_macro": 0.2559177030666067,
    "f1_weighted": 0.035604692357816985,
    "classification_report": {
        "无故障": {
            "precision": 1.0,
            "recall": 0.011395027624309393,
            "f1-score": 0.022533287811539775,
            "support": 2896.0
        },
        "HDF": {
            "precision": 0.26229508196721313,
            "recall": 1.0,
            "f1-score": 0.4155844155844156,
            "support": 32.0
        },
        "PWF": {
            "precision": 0.34375,
            "recall": 0.88,
            "f1-score": 0.4943820224719101,
            "support": 25.0
        },
        "OSF": {
            "precision": 0.39344262295081966,
            "recall": 0.8571428571428571,
            "f1-score": 0.5393258426966292,
            "support": 28.0
        },
        "TWF": {
            "precision": 0.03081232492997199,
            "recall": 0.8461538461538461,
            "f1-score": 0.05945945945945946,
            "support": 13.0
        },
        "RNF": {
            "precision": 0.0021159542953872196,
            "recall": 0.8333333333333334,
            "f1-score": 0.004221190375685944,
            "support": 6.0
        },
        "accuracy": 0.042333333333333334,
        "macro avg": {
            "precision": 0.338735997357232,
            "recall": 0.7380041773757243,
            "f1-score": 0.2559177030666067,
            "support": 3000.0
        },
        "weighted avg": {
            "precision": 0.9748056140051451,
            "recall": 0.042333333333333334,
            "f1-score": 0.035604692357816985,
            "support": 3000.0
        }
    },
    "confusion_matrix": [
        [
            33,
            90,
            42,
            35,
            342,
            2354
        ],
        [
            0,
            32,
            0,
            0,
            0,
            0
        ],
        [
            0,
            0,
            22,
            1,
            0,
            2
        ],
        [
            0,
            0,
            0,
            24,
            3,
            1
        ],
        [
            0,
            0,
            0,
            1,
            11,
            1
        ],
        [
            0,
            0,
            0,
            0,
            1,
            5
        ]
    ],
    "binary_metrics": {
        "accuracy": 0.04566666666666667,
        "f1": 0.06773038098339303,
        "precision": 0.03505224132119986,
        "recall": 1.0
    },
    "twf_metrics": {
        "accuracy": 0.942,
        "f1": 0.07446808510638298,
        "precision": 0.04,
        "recall": 0.5384615384615384
    },
    "rnf_metrics": {
        "accuracy": 0.9246666666666666,
        "f1": 0.0,
        "precision": 0.0,
        "recall": 0.0
    }
}