{
    "accuracy": 0.8175,
    "f1": 0.8779040442962441,
    "precision": 0.9750370053813235,
    "recall": 0.8175
}